CATEGORIA,PRODUTO,FORNECEDOR,COMPRADOR,CENTROS DE DISTRIBUICAO,DESCRICAO,QTD DE CAIXAS,MAR22,ABR22,MAI22,JUN22,JUL22,AGO22,SET22,OUT22,NOV22,DEZ22,JAN23,FEV23,MAR23,ABR23,MAI23,JUN23,JUL23,AGO23,SET23,OUT23,NOV23,DEZ23,JAN24,FEV24,MAR24
A,A,A,A,A,A,109,356,374,408,453,413,323,276,296,512,554,658,352,484,513,369,404,350,466,290,476,524,273,199,313,197
A,A,A,A,B,B,70,994,723,1310,1214,1105,1530,1445,1721,1284,1607,1483,1497,2006,1285,1529,1897,1840,2427,1655,1669,1970,1700,1895,1385,2243
B,B,B,B,C,C,123,74,65,71,63,59,132,148,163,80,171,5,1,80,167,120,144,57,69,165,129,153,149,145,125,132
B,C,C,C,D,D,196,520,466,603,320,700,700,554,475,516,529,508,417,455,327,362,496,568,443,304,408,372,315,447,610,776
A,D,A,A,E,E,99,37,1,78,74,9,75,7,64,35,28,80,64,37,85,3,75,60,85,13,45,24,8,64,79,96
B,E,D,B,F,F,67,38,56,41,99,102,46,112,104,93,53,130,33,94,92,98,47,5,77,94,119,64,71,82,131,80
C,F,E,C,F,G,109,88,98,14,57,55,109,52,25,43,35,43,83,89,33,107,109,76,112,103,64,85,30,70,34,49
D,G,F,C,G,H,36,469,394,488,527,420,405,246,331,352,256,239,331,337,199,274,314,252,300,240,271,235,196,414,334,436
B,H,G,C,G,I,160,270,105,155,147,248,73,55,116,152,114,66,83,112,170,107,112,203,141,104,84,34,55,87,79,23
A,I,B,B,H,J,137,1228,1175,2521,1247,1360,2127,941,657,1110,1184,1788,1300,1282,30,1548,2009,2435,3298,1199,1712,1241,2616,1675,1553,1737
B,J,A,A,B,K,70,87,69,55,74,86,41,110,92,66,20,100,67,80,59,57,80,75,85,127,92,92,105,51,100,102
C,K,H,D,I,L,50,6,92,78,1,56,89,92,60,118,93,30,1,42,47,27,56,74,84,87,65,29,80,60,44,32
B,L,E,C,J,M,100,46,79,87,44,96,21,106,87,119,105,134,169,190,550,301,4369,2301,840,390,344,242,254,325,162,117
B,M,I,C,I,N,194,126,132,51,100,89,91,140,31,168,137,175,139,159,29,102,122,134,97,97,107,127,71,113,205,108
B,J,A,A,K,O,76,1825,823,1182,1082,1071,1619,817,1131,1816,1490,2078,1553,2391,1693,1534,1165,976,1159,1374,2086,2563,1275,1298,888,1724
B,N,J,C,L,P,234,4634,1151,1507,1369,1611,1099,925,958,1037,835,946,1673,2594,897,1035,1351,1249,1531,1442,852,627,651,1102,1214,908
B,O,K,B,M,Q,91,67,55,95,51,37,22,70,49,85,76,57,44,71,32,31,85,58,57,91,29,49,79,41,26,65
B,P,L,A,N,R,132,74,95,132,125,142,113,67,55,163,142,90,105,137,90,51,99,162,152,140,82,102,143,143,113,90
D,Q,K,B,D,S,96,37,99,99,45,8,40,99,65,95,33,55,13,10,62,45,28,89,66,64,1,87,85,91,49,129
A,A,A,A,O,T,102,565,430,580,1093,628,939,1473,1110,893,648,362,665,1157,759,602,636,634,1510,816,607,1637,1791,109,2025,652
A,R,M,C,K,U,55,102,193,105,134,201,50,84,107,63,106,114,74,87,82,69,223,224,207,178,281,297,79,357,349,292
A,S,G,C,I,V,40,113,282,317,343,446,471,535,336,82,170,701,290,246,203,365,210,675,169,142,198,443,167,389,295,341
A,R,M,C,P,W,62,191,143,182,283,190,180,125,141,226,143,192,180,192,128,188,97,249,128,78,156,188,175,80,179,116
B,T,C,C,Q,X,170,47,40,14,14,8,70,76,7,32,84,31,50,55,136,295,274,110,173,121,304,201,360,372,427,410
B,P,L,A,J,Y,155,2150,104,1938,1162,1375,1513,1236,1512,1106,1565,1404,671,1573,1131,829,1227,1544,1063,199,1492,1885,1969,1206,586,557
A,S,G,C,A,Z,197,119,86,64,102,246,99,290,134,310,275,33,114,64,176,504,35,158,181,371,81,297,242,115,186,328
A,R,M,C,M,A,67,666,553,754,658,435,746,550,430,559,595,614,370,804,302,834,310,670,504,603,483,823,1029,388,589,423
B,U,M,C,R,B,163,161,123,188,342,146,127,144,141,114,160,156,99,97,125,204,141,121,74,34,106,69,60,62,31,22
B,V,K,B,S,C,130,464,490,912,1732,958,491,308,344,249,21,44,185,489,538,567,667,351,412,275,274,189,228,313,293,368
A,R,M,C,T,D,27,18,61,64,99,74,12,75,91,86,86,75,38,92,92,4,61,86,11,383,249,308,414,154,172,379
A,I,B,B,U,E,52,14,37,37,12,33,22,40,89,35,45,37,90,13,2,66,54,37,66,51,5,11,2,35,75,91
B,W,H,D,H,F,86,347,316,380,424,523,233,295,396,341,475,326,213,258,279,307,315,234,152,96,126,215,147,106,125,142
B,V,K,B,T,G,190,91,2,89,31,73,45,99,10,91,52,56,38,18,49,64,34,82,44,150,141,106,102,121,61,133
A,S,G,C,L,H,57,43,40,102,77,65,66,94,8,76,53,76,93,32,56,32,95,80,28,95,101,48,30,119,91,87
A,S,G,C,R,I,44,164,11,391,145,214,176,254,248,303,150,254,364,259,242,332,346,358,376,590,360,557,420,587,1052,249
B,X,K,B,F,J,77,63,64,11,21,11,17,10,12,18,17,15,20,37,96,47,39,7,89,54,9,64,96,44,14,28
B,H,G,C,V,K,64,180,99,152,133,147,91,181,78,139,123,74,33,123,40,143,57,109,105,30,74,42,64,35,35,64
A,T,C,C,M,L,73,92,99,113,126,92,63,101,70,57,121,61,87,96,149,90,67,85,62,164,90,46,122,131,75,61
B,X,K,B,F,M,58,3,99,64,75,58,36,88,29,54,66,122,68,35,38,64,87,73,47,80,45,82,70,52,114,146
A,S,G,C,O,N,74,76,40,48,90,54,73,25,89,94,82,7,19,67,9,27,89,24,22,39,59,42,28,48,59,18
A,S,G,C,W,O,109,45,52,48,70,70,43,94,15,89,88,6,12,3,57,7,43,59,35,89,6,81,43,2,48,54
B,M,I,C,K,P,332,102,34,38,70,87,24,128,76,105,101,56,65,63,117,49,79,41,43,115,94,86,93,105,116,26
B,Y,G,C,A,Q,20,184,139,242,310,215,422,287,286,169,86,86,80,370,268,123,81,59,98,94,6,15,95,244,59,188
B,L,E,C,P,R,169,172,176,337,110,1,97,248,145,370,56,192,151,167,122,278,168,195,177,136,163,296,374,53,324,232
B,Z,N,D,C,S,305,6895,2872,3271,2440,2356,3610,2304,3357,2394,1244,3080,2132,3814,2017,4196,2814,2913,6847,9522,6375,7941,36,75,1976,2401
B,B,B,B,X,T,194,95,8,20,43,1,7,68,65,948,1591,1323,830,589,84,40,55,58,1057,1358,234,1219,170,227,658,97
B,G,F,C,I,U,126,8301,3474,7855,7668,18188,3707,2350,2097,6140,2912,1256,1967,3718,5828,7561,5674,3792,2770,1112,1334,1253,1023,790,1343,2509
C,K,H,D,K,V,36,55,93,72,105,70,43,115,75,80,64,64,124,21,64,51,110,57,53,57,65,61,114,13,96,71
B,P,L,A,Y,W,206,30,95,13,96,22,27,81,9,75,57,11,36,52,25,29,92,93,13,85,22,37,63,151,68,53
B,B,B,B,H,X,228,951,830,1197,1596,743,1237,765,861,1627,1251,854,791,974,1048,1264,855,902,1011,678,1432,1638,884,1166,54,3306
B,A,A,A,L,Y,133,155,12,102,100,158,119,134,176,114,101,120,67,132,46,162,154,97,141,86,78,113,91,74,56,122
D,Q,K,B,Z,Z,261,75,26,84,191,181,211,98,155,157,153,174,163,238,184,154,203,162,249,82,65,140,226,235,25,39
B,B,O,D,K,A,66,88,43,22,73,92,22,1,87,70,17,62,66,44,11,45,68,89,96,47,2,49,94,27,76,18
C,K,H,D,S,B,87,111,98,9,71,31,68,95,30,77,30,70,68,56,99,73,94,67,96,11,48,65,86,24,95,19
B,B,B,B,A,C,214,190,154,168,374,133,214,145,236,195,211,180,168,316,225,216,182,283,427,163,256,221,157,184,258,435
C,F,E,C,B,D,36,42,18,49,84,89,33,19,83,106,37,38,57,20,88,75,50,86,106,91,12,107,59,40,68,6
B,P,L,A,J,E,147,1890,1331,3865,3923,4491,2245,1596,2828,1361,920,2891,1002,2070,939,1995,1767,1816,2381,1051,1711,1616,1132,1480,716,970
B,J,A,A,U,F,41,1206,602,229,481,640,146,305,152,274,1042,353,112,87,414,561,504,236,549,850,9,83,62,102,90,200
B,C,A,A,F,G,57,135,70,106,63,97,118,71,120,122,140,130,91,154,83,173,143,208,187,89,106,154,153,179,148,84
B,D,P,C,D,H,88,118,117,51,97,126,118,38,104,102,100,65,66,73,79,105,103,103,66,51,119,78,53,49,85,113
B,P,L,A,B,I,55,96,239,5,198,181,172,109,112,127,67,34,95,77,138,59,67,29,130,69,41,83,90,75,23,91
B,L,E,C,N,J,194,83,97,65,57,82,90,63,29,9,111,25,91,94,113,94,37,41,79,28,68,101,51,117,53,129
C,K,H,D,Y,K,60,85,72,77,95,97,9,57,47,95,44,81,54,59,23,53,50,4,91,84,58,11,99,17,80,99
C,R,M,C,C,L,35,87,83,71,7,39,75,9,82,82,827,79,203,91,139,152,179,120,109,79,60,105,60,72,35,30
A,S,G,C,T,M,60,61,10,81,71,79,22,26,5,20,57,19,21,13,23,33,94,4,137,336,80,278,241,188,176,306
B,Y,G,C,C,N,183,425,456,383,450,334,362,439,352,283,461,415,281,500,354,458,298,248,288,218,327,319,263,334,224,172
B,G,F,C,D,O,97,114,15,28,89,9,41,67,58,85,99,34,23,40,64,25,91,63,44,95,68,75,52,39,66,81
B,Z,N,D,E,P,1003,1652,1074,2039,1992,1771,1916,1521,2853,2247,2846,3491,2031,93,1748,3020,1861,2266,2860,37,13,6216,3695,3343,3027,3095
A,I,B,B,F,Q,100,147,435,830,88,568,998,312,333,355,232,208,420,448,51,937,193,1729,418,704,867,851,1224,204,275,452
A,S,G,C,L,R,137,147,85,132,47,136,68,152,110,130,86,149,142,166,108,117,90,167,108,104,173,104,131,180,84,82
C,K,H,D,N,S,120,41,99,7,5,11,18,51,21,79,82,58,39,86,76,55,81,83,105,32,39,99,82,34,53,26
A,D,A,A,Q,T,108,54,61,49,80,49,34,31,90,57,41,26,68,17,42,140,165,95,99,172,140,107,89,137,177,137
B,B,B,B,A,U,190,199,91,204,185,168,77,183,124,128,118,61,57,30,59,47,69,21,70,2,94,91,93,24,93,89
B,G,F,C,D,V,96,55,22,3,99,28,73,98,68,41,34,68,98,29,39,30,34,32,62,47,74,89,23,72,15,23
B,M,I,C,A,W,75,97,55,27,60,69,59,66,61,37,87,67,26,38,37,102,56,83,55,65,68,63,81,56,95,101
A,S,G,C,B,X,35,101,99,140,155,249,74,210,171,16,189,88,197,177,218,236,203,252,317,353,281,727,37,1032,98,61
B,H,G,C,V,Y,229,38,75,387,224,638,40,34,82,17,67,891,15,1,92,99,3073,315,40,78,68,81,29,22,12,89
A,S,G,C,B,O,81,703,476,637,681,551,443,73,406,561,540,660,794,515,524,547,645,508,578,575,272,92,59,91,108,652
B,P,L,A,M,Z,105,45,519,789,830,585,187,468,432,497,329,315,422,667,556,87,284,1047,525,467,617,541,508,456,445,551
C,K,H,D,E,A,58,10,70,94,48,66,39,25,35,55,82,86,43,47,8,99,32,74,90,73,37,85,97,45,79,25
A,D,A,A,F,B,109,125,34,156,167,70,91,100,195,162,167,127,119,236,88,226,62,134,236,202,256,221,116,382,50,96
A,D,A,A,C,C,66,46,122,108,162,153,96,75,219,83,128,53,28,85,62,71,53,11,55,16,25,47,26,67,63,16
A,R,M,C,O,D,104,24,66,29,61,96,73,75,78,20,99,9,90,48,29,76,144,56,148,173,156,85,180,122,110,158
B,P,L,A,F,E,173,577,379,488,565,470,624,536,689,215,673,841,479,603,567,651,600,751,510,539,581,598,483,829,654,549
A,R,M,C,I,F,27,1017,936,1108,1627,633,1080,770,912,1299,841,701,713,856,824,1737,587,1373,685,612,679,792,1050,575,768,399
B,E,E,C,E,G,138,87,132,92,72,54,91,130,131,49,146,57,53,91,151,99,53,37,85,52,125,44,38,95,52,25
B,V,K,B,G,H,286,19,10,60,40,15,46,7,69,31,69,49,60,90,69,13,40,27,113,99,89,82,61,115,54,8
A,S,G,C,V,I,30,98,39,15,85,74,79,65,31,99,36,39,91,88,33,79,49,50,21,56,71,14,46,98,98,34
B,G,F,C,G,J,30,67,18,4,3,83,54,21,48,118,102,119,90,165,67,57,81,91,210,186,165,163,151,160,129,221
B,B,B,B,I,K,158,701,782,961,713,1101,576,443,546,873,909,550,868,701,618,789,647,556,725,430,519,42,8,10,53,74
B,T,C,C,H,L,39,85,39,99,6,78,78,52,19,52,83,30,27,11,48,13,1,94,51,20,43,61,4,66,66,35
B,B,B,B,G,M,210,1789,963,2765,2336,1905,976,750,640,1406,2057,857,700,1606,1116,2118,1505,2271,1707,733,1363,1209,1300,592,1398,2624
A,D,A,A,G,T,55,9,48,2,8,89,25,44,72,59,47,85,26,36,47,92,43,64,72,12,92,66,47,83,20,5
C,F,E,C,F,N,44,88,64,97,97,56,67,11,79,34,92,84,18,61,37,83,90,45,89,39,25,43,39,27,9,98
A,S,G,C,N,O,80,16,49,53,194,108,198,173,44,181,111,159,187,179,298,190,210,200,280,170,141,268,113,224,161,159
B,G,F,C,K,P,34,52,14,25,84,44,75,75,26,55,25,39,56,61,20,12,82,43,20,28,5,49,92,75,90,83
A,R,M,C,L,D,110,192,129,79,153,156,84,115,76,166,110,228,222,171,195,151,212,98,148,97,191,212,146,326,243,150
B,A,A,A,N,Q,50,72,80,38,34,84,53,63,79,61,39,69,43,71,94,78,85,64,92,61,66,98,32,25,46,51
B,G,F,C,W,R,108,94,87,63,91,49,17,45,82,51,39,31,89,47,25,26,7,77,15,76,50,27,66,89,92,48
A,S,G,C,Y,S,17,51,68,79,64,90,85,27,77,23,90,65,39,17,49,63,74,23,3,88,57,54,45,48,2,36
B,J,A,A,N,F,88,55,88,41,78,55,56,60,74,28,95,18,12,16,84,81,73,31,71,89,66,39,28,99,17,9
A,D,A,A,N,T,78,86,20,73,34,80,118,68,63,89,207,120,133,143,115,143,237,94,64,140,114,123,66,184,106,56
C,K,H,D,C,U,32,104,84,85,120,119,17,31,46,106,68,114,85,36,51,45,75,98,50,65,126,26,51,35,51,85
B,X,K,B,K,V,63,43,147,91,70,52,44,75,137,109,35,74,77,18,96,59,60,83,49,82,66,31,86,133,87,71
B,B,B,B,O,W,220,207,155,290,190,223,182,110,136,199,216,132,231,274,159,253,186,181,212,177,208,117,205,13,18,94
B,Y,G,C,W,Q,75,77,98,91,51,43,39,84,2,80,28,73,86,98,47,17,70,65,22,74,61,62,59,2,56,16
B,V,K,B,Y,X,108,98,3,47,5,39,88,5,35,82,55,1,36,80,86,87,41,5,71,50,95,31,28,55,17,106
B,H,G,C,C,Y,187,7,673,31,1154,3749,79,92,37,88,29,1331,81,38,35,75,6468,7372,67,27,33,93,40,3,54,49
C,K,H,D,B,Y,95,71,41,112,58,102,124,71,64,99,70,122,82,83,82,66,161,141,80,122,76,39,139,118,72,60
B,H,G,C,X,Z,122,112,145,190,453,399,364,118,267,277,264,170,249,456,319,497,448,319,262,327,257,137,90,409,227,39
B,V,K,B,D,X,46,70,47,68,71,76,19,91,13,91,53,59,96,8,14,47,7,18,100,89,68,57,88,61,74,73
B,W,H,D,F,A,96,63,61,413,571,705,580,326,203,219,266,257,254,278,225,299,177,296,204,173,274,339,483,325,187,223
B,C,C,C,B,B,28,47,109,38,83,79,72,42,40,70,97,110,95,84,127,128,133,114,74,56,105,102,78,98,85,108
B,P,L,A,N,C,126,4792,1163,891,3070,2290,3097,1284,1241,2793,2414,1405,1565,2410,2700,2588,3143,2584,2900,1741,1796,2288,1192,1925,2039,2465
B,H,G,C,N,D,233,54,432,165,50,486,28,38,15,74,65,56,194,40,17,62,506,3,64,8,58,77,49,45,33,45
B,A,A,A,B,E,48,250,155,818,279,203,394,136,105,192,263,408,286,225,184,220,143,196,118,110,195,214,94,145,130,150
C,D,A,A,T,F,104,15,25,74,6,86,90,53,23,99,14,3,80,10,28,36,6,25,5,104,119,51,71,107,81,35
B,W,H,D,F,G,111,173,236,181,297,206,154,221,137,116,315,217,227,289,194,212,228,257,239,310,197,299,251,239,160,155
A,F,Q,C,C,H,14,99,49,47,6,26,24,66,21,60,96,5,54,80,46,11,18,84,106,65,99,88,88,44,39,29
A,D,A,A,D,I,42,75,93,64,99,101,66,42,46,93,30,36,69,26,60,9,88,60,66,63,51,63,50,92,73,118
A,I,B,B,Z,J,16,13,113,117,68,105,72,48,21,102,39,61,42,73,15,52,94,24,95,78,107,12,536,406,99,75
B,B,B,B,D,K,145,163,155,247,203,233,153,126,190,9,108,180,226,255,143,217,140,283,157,152,254,156,236,168,39,67
B,B,B,B,Y,L,177,8,72,12,77,4,91,46,90,25,73,88,73,95,25,39,80,98,51,71,57,60,25,19,12,94
A,R,M,C,U,M,70,364,349,426,421,608,153,357,393,708,312,437,837,215,372,765,231,347,431,478,193,20,144,211,223,253
B,P,L,A,E,N,146,194,295,291,338,218,161,203,225,350,200,335,178,227,337,412,142,738,209,396,361,505,251,340,338,487
A,R,M,C,C,O,90,151,74,76,133,79,145,87,99,62,101,41,154,47,78,133,77,124,141,123,63,61,48,170,96,108
E,G,R,C,D,P,39,114,172,148,129,94,606,46,150,124,179,187,173,194,170,97,179,158,183,146,94,129,133,151,216,120
A,R,M,C,P,Q,109,13,47,85,45,15,71,93,61,104,20,118,76,49,60,107,67,103,86,75,19,107,113,71,26,32
A,K,H,D,M,R,85,79,30,71,67,18,16,89,78,57,68,105,76,69,76,43,120,74,48,54,106,34,105,31,54,17
B,A,A,A,D,S,101,68,13,85,68,115,124,22,59,107,28,81,87,72,78,120,40,80,60,18,128,95,37,24,108,79
A,I,B,B,B,J,129,1697,1930,2409,1733,1809,2726,1697,1362,2506,1546,1816,2843,3105,70,154,3699,2082,3089,1293,54,2254,1269,2027,1339,1860
B,W,H,D,D,T,107,29,26,3,59,160,297,297,148,295,299,290,297,298,223,277,203,182,239,238,224,254,278,310,320,345
B,W,H,D,V,A,32,1,95,116,207,134,151,79,99,120,146,124,166,190,92,123,97,141,143,122,93,202,63,68,108,73
E,G,R,C,M,U,47,174,200,200,231,237,314,227,151,188,183,115,146,208,48,208,132,302,150,258,156,290,140,140,149,120
B,G,F,C,F,V,80,27,99,55,25,14,71,43,31,96,93,65,86,26,54,87,24,72,91,75,50,19,60,55,103,71
B,H,G,C,D,Z,69,28,87,106,19,4,110,63,107,49,29,59,102,107,79,121,73,98,81,91,101,22,80,24,108,26
C,F,E,C,S,W,26,68,48,46,49,29,75,46,80,52,74,86,97,82,53,62,49,10,95,67,50,126,77,88,35,117
B,W,H,D,V,X,47,80,14,52,29,87,80,23,45,7,60,11,53,30,80,98,74,60,12,5,45,20,83,62,102,87
A,D,A,A,T,Y,64,15,85,35,41,89,20,62,15,37,46,63,67,98,89,45,99,7,271,566,688,334,634,651,543,621
A,R,M,C,V,Z,99,19,11,48,77,33,94,72,2,27,41,50,38,103,76,86,55,46,89,43,37,42,3,97,47,12
A,S,G,C,A,A,92,99,24,111,72,40,30,67,34,107,13,66,134,21,82,61,122,72,45,86,74,58,19,172,72,198
A,S,G,C,A,B,162,816,484,850,742,1668,345,1212,921,1052,1137,704,1535,891,758,1054,1304,822,1268,751,1603,1257,1055,1337,980,855
B,P,L,A,Y,C,92,68,52,76,29,14,64,6,2,35,17,59,31,79,48,55,33,94,55,53,2,61,81,100,39,36
C,F,E,C,W,D,84,37,65,23,28,81,96,33,11,65,63,91,39,98,53,32,21,26,50,23,14,44,29,97,16,54
A,D,A,A,O,E,39,50,48,146,54,93,54,88,133,33,56,58,62,28,47,56,27,64,110,101,68,93,82,51,66,79
B,O,K,B,E,F,137,40,37,86,3,3,98,11,80,69,35,69,45,98,91,79,26,51,25,36,73,52,56,81,57,77
A,D,A,A,A,G,159,207,177,157,158,252,203,170,197,135,220,159,142,174,200,289,145,411,240,177,132,233,152,95,77,164
B,B,O,D,V,H,257,103,143,182,276,266,222,366,48,98,422,86,246,246,84,127,239,107,224,297,495,370,194,236,299,342
B,L,E,C,G,M,142,63,85,79,34,8,47,14,23,35,63,30,91,93,40,22,56,32,48,41,114,107,64,91,76,99
B,G,F,C,G,I,86,65,80,88,41,32,106,68,32,105,29,111,64,53,46,90,16,68,104,119,84,30,95,132,87,90
B,P,L,A,G,J,194,2403,792,895,2263,392,961,757,649,95,472,674,421,627,786,485,552,934,633,388,449,328,357,360,438,449
A,S,G,C,C,K,90,43,96,28,21,102,75,83,57,57,43,75,71,46,65,28,41,35,105,44,71,56,74,30,61,47
B,E,E,C,U,G,115,325,137,213,231,318,192,307,247,375,231,190,253,651,285,134,326,159,316,237,413,68,127,130,164,163
B,L,E,C,F,L,109,932,742,639,1000,612,577,675,153,558,741,1106,1239,760,767,679,414,647,381,427,502,339,755,394,821,391
B,V,K,B,S,M,54,92,131,109,85,27,8,12,58,52,16,96,18,8,3,92,66,41,79,59,85,82,77,98,59,43
A,R,M,C,H,N,28,98,48,1,79,76,80,67,30,92,84,79,80,23,94,19,84,54,50,54,83,65,80,80,137,100
D,Q,K,B,D,O,132,13,44,3,93,67,48,71,70,16,54,45,63,49,42,87,84,76,56,88,13,64,66,12,44,56
B,T,C,C,I,P,49,138,147,58,141,49,67,97,126,51,132,74,50,107,105,127,81,68,70,44,55,84,44,117,126,101
B,V,K,B,F,Q,29,245,141,304,465,439,360,221,152,348,142,94,325,240,310,243,380,386,341,209,223,194,242,225,140,351
B,G,F,C,Y,R,146,59,98,64,24,47,77,80,60,3,5,76,94,57,69,81,81,86,77,91,99,99,94,97,81,75
B,P,L,A,B,S,150,79,40,84,24,52,153,325,260,400,373,327,392,463,256,417,361,314,517,487,205,394,351,405,291,524
B,V,K,B,E,T,88,138,104,506,2,84,209,158,249,196,189,78,198,207,309,388,428,248,279,126,181,54,132,90,176,109
B,N,J,C,H,U,66,78,12,66,50,20,88,59,25,7,34,5,96,99,42,40,80,25,40,66,21,37,190,455,421,380
B,H,A,A,A,V,125,173,102,77,122,166,87,140,127,121,123,100,169,105,117,165,147,150,152,145,139,98,165,157,74,109
A,A,A,A,F,W,97,22,54,82,34,35,2,78,87,96,64,27,182,703,244,123,179,205,202,184,177,252,102,96,134,97
B,P,L,A,U,N,150,8339,5593,7121,5996,5594,6402,5851,5114,3439,10876,591,5006,5188,3556,7041,5161,11726,4835,4340,5721,35,2030,3551,6157,5728
A,R,M,C,I,X,72,910,735,732,1594,330,927,452,533,1045,619,1036,235,788,598,394,423,539,307,412,229,617,630,665,515,636
B,P,L,A,H,Y,150,1116,121,709,499,601,496,493,484,428,858,413,359,631,510,632,589,856,457,691,624,529,596,659,653,563
B,Z,N,D,G,Y,131,492,330,485,418,369,379,262,342,338,323,38,73,84,212,142,635,369,294,404,410,567,46,294,481,212
A,S,G,C,A,Z,87,251,234,663,315,473,177,689,459,706,293,417,903,333,278,545,452,262,518,116,75,760,158,810,398,312
B,I,S,D,A,A,220,33,52,70,50,91,68,42,107,125,114,85,75,76,27,86,75,85,62,104,30,53,56,33,101,111
B,T,C,C,A,B,80,70,76,37,25,56,88,8,82,46,92,60,86,83,54,105,95,66,88,86,56,42,60,14,71,74
B,G,F,C,J,C,87,33,54,74,54,8,27,37,89,21,48,16,59,68,5,20,72,87,46,63,54,95,10,12,24,24
A,I,B,B,V,D,48,78,89,109,59,91,59,80,64,93,123,3,6,26,81,112,111,105,93,48,100,44,32,50,106,63
D,C,C,C,B,E,74,118,50,115,76,40,22,92,78,66,31,71,90,57,27,66,92,103,90,74,95,106,93,3,26,25
A,A,A,A,H,F,119,42,26,51,73,54,79,30,34,32,41,95,10,94,85,84,9,61,49,90,43,98,44,149,156,119
B,T,C,C,C,P,102,186,51,60,38,96,86,39,134,154,108,85,25,80,85,77,41,65,101,79,72,118,118,110,79,45
B,C,A,A,R,G,119,316,162,263,267,301,181,186,184,197,284,248,196,177,151,180,195,156,169,186,215,99,110,214,150,187
A,I,B,B,Q,D,101,84,27,55,89,33,69,21,74,7,65,46,8,41,70,38,93,37,83,100,55,73,22,84,115,149
A,D,A,A,Z,H,156,300,1348,1343,224,259,703,1772,208,526,2063,236,399,1815,485,207,1092,1117,341,1866,808,199,168,1603,1202,835
A,R,M,C,H,I,78,63,68,68,3,24,39,40,13,29,58,43,58,39,86,36,73,28,53,80,22,47,61,53,125,151
B,G,F,C,S,J,117,74,45,83,68,65,33,46,80,21,96,88,70,81,97,40,41,27,9,58,29,72,22,86,82,12
B,G,F,C,J,K,26,59,89,110,108,97,91,108,132,385,83,84,94,113,106,-22,47,55,55,80,38,91,74,30,79,78
B,I,S,D,S,L,160,91,158,59,92,49,50,75,54,91,110,89,189,124,102,82,58,95,109,40,138,53,89,139,50,102
A,R,M,C,Y,M,7,83,2,96,2,22,55,70,95,74,88,97,28,25,61,80,58,5,97,77,5,30,105,94,182,105
B,J,A,A,B,N,97,117,164,195,259,240,135,152,113,34,34,32,60,29,221,273,332,339,153,249,161,141,141,140,121,108
B,G,F,C,V,O,109,98,32,93,90,79,66,34,38,20,40,54,103,54,30,54,61,38,44,89,72,27,28,82,60,85
C,K,H,D,G,P,50,114,89,183,69,74,114,52,68,76,117,58,139,77,96,31,150,135,63,61,88,62,111,36,84,123
A,K,H,D,D,Q,80,29,22,69,53,80,34,91,43,43,77,60,75,41,59,77,33,86,55,29,59,61,102,101,16,42
A,T,C,C,U,R,82,92,264,327,259,528,684,269,207,400,123,364,143,116,660,120,139,746,122,259,160,12,82,125,142,160
C,K,H,D,Z,S,56,14,33,32,60,87,34,76,23,94,42,29,10,17,23,5,17,81,94,91,45,111,25,101,30,78
A,R,M,C,P,D,71,208,109,161,142,233,262,182,135,213,170,281,193,168,121,204,157,246,227,125,122,171,142,118,176,135
B,H,G,C,H,T,70,31,1,76,44,63,87,41,56,82,82,25,90,47,47,45,59,84,51,78,29,47,71,151,207,89
B,C,C,C,P,U,114,564,423,651,756,811,686,254,296,431,686,452,530,555,523,503,310,490,451,492,400,473,649,969,1053,797
B,P,L,A,E,V,202,80,547,322,79,1410,85,52,444,312,219,40,521,322,491,811,713,653,383,267,276,284,228,303,254,414
B,C,C,C,D,W,33,223,191,287,158,186,257,259,203,278,193,258,155,249,211,231,259,234,208,177,268,235,222,235,339,517
B,M,I,C,J,X,126,28,111,114,93,110,24,94,105,86,38,114,32,91,30,72,107,58,82,26,42,72,41,6,61,103
A,I,B,B,V,Y,44,66,99,62,62,45,53,75,55,157,75,39,94,34,6,121,64,104,143,173,121,106,132,105,86,22
D,Q,K,B,A,Z,68,68,29,65,46,83,3,3,99,4,65,4,3,93,49,67,4,12,44,45,57,64,29,27,65,216
B,E,E,C,S,A,149,39,75,1,56,105,100,106,87,82,49,14,105,91,30,77,57,81,105,95,118,42,62,102,27,51
C,F,E,C,J,B,58,92,106,111,37,77,51,262,74,122,129,326,80,72,17,167,72,143,146,150,81,109,82,119,57,131
E,G,R,C,A,C,101,74,80,104,36,94,41,83,100,40,8,32,23,9,79,21,61,101,67,89,20,75,67,110,93,51
A,C,C,C,P,R,87,100,50,100,64,37,42,22,59,120,94,42,57,71,107,71,45,72,122,129,50,70,73,133,59,90
A,R,M,C,D,D,75,108,19,115,48,48,58,49,36,23,116,71,52,91,93,70,100,99,111,31,56,18,49,52,62,15
A,A,A,A,E,E,120,80,81,93,118,90,104,103,104,121,101,130,76,101,99,143,100,135,104,109,129,100,27,108,78,125
A,R,M,C,G,D,40,55,46,44,43,34,55,94,5,46,50,16,73,49,48,51,87,45,69,115,65,125,33,36,109,105
B,E,E,C,G,F,87,28,8,90,21,34,54,40,25,36,11,56,34,50,34,55,74,51,70,43,92,26,84,38,76,95
A,K,T,B,B,G,87,20,38,84,72,96,51,13,46,44,88,51,45,24,31,92,2,81,65,4,55,22,83,19,83,48
C,F,E,C,D,H,93,47,102,78,9,37,18,80,54,99,94,94,44,96,100,108,61,21,13,92,97,55,52,83,69,37
A,S,G,C,M,A,59,74,88,117,107,111,80,97,62,57,52,38,44,24,98,42,98,42,72,79,72,103,103,83,101,77
A,R,M,C,T,I,70,81,49,92,11,30,53,5,4,46,69,3,8,45,53,12,96,76,13,252,77,195,302,274,352,412
B,G,F,C,F,J,75,37,2,69,44,82,2,50,19,13,82,71,59,18,8,76,20,3,66,33,32,80,40,79,61,36
B,B,B,B,V,K,80,41,29,21,15,66,42,73,41,33,64,58,64,92,31,79,90,44,32,45,34,55,99,78,82,45
A,R,M,C,R,I,73,204,105,181,251,57,105,129,157,264,54,177,286,107,156,248,184,183,257,212,194,297,179,386,182,107
C,F,E,C,T,L,109,47,2,56,59,52,77,75,73,91,94,76,8,90,7,27,16,48,94,57,57,62,59,75,11,77
C,F,E,C,R,M,27,84,95,100,9,93,46,81,86,41,57,52,30,41,40,11,108,26,17,35,83,24,140,21,16,51
B,N,J,C,C,P,263,1724,837,1010,1226,1194,1309,1252,1389,1290,1402,1490,1294,1709,1474,1883,1674,1579,1523,1583,1632,1474,1585,1627,1367,1704
B,M,I,C,C,N,88,74,109,132,34,90,119,53,56,116,89,74,86,110,27,50,132,57,75,58,129,53,134,109,135,62
A,R,M,C,Y,O,82,50,8,80,90,83,81,89,80,14,22,94,87,70,12,25,98,56,2,74,5,45,419,139,384,288
A,R,M,C,B,P,85,16,83,50,70,42,53,66,74,36,90,40,92,92,45,22,87,138,118,71,86,109,97,29,80,35
C,K,H,D,E,Q,35,51,50,51,60,103,56,31,97,45,8,60,36,75,9,46,27,12,10,70,82,20,33,19,20,88
C,K,H,D,D,R,20,73,25,32,32,98,61,14,12,40,55,18,41,84,77,86,55,83,50,83,37,50,40,92,55,6
B,P,L,A,B,S,120,476,209,264,481,177,125,231,287,340,342,212,271,344,370,315,257,225,317,190,194,201,209,237,269,238
A,R,M,C,L,T,75,214,160,116,149,105,173,166,144,154,139,176,68,138,89,179,90,79,66,77,96,70,132,77,16,67
A,S,G,C,G,U,73,53,86,24,91,5,34,31,98,55,99,72,71,46,80,16,57,58,20,55,80,81,33,23,46,106
B,J,A,A,Y,V,65,45,86,14,54,82,66,27,75,85,43,85,39,57,26,28,12,88,12,58,76,67,148,422,399,549
B,G,F,C,N,R,38,50,29,51,6,41,60,99,9,31,33,90,78,71,34,90,50,50,88,6,80,67,84,112,24,100
B,E,E,C,O,W,101,635,592,440,356,375,471,635,535,684,660,372,641,355,273,339,354,579,521,588,429,615,497,528,384,453
B,X,K,B,E,M,39,50,40,21,55,108,44,111,76,80,84,56,59,32,104,46,84,103,93,55,120,120,22,117,97,59
B,J,A,A,C,X,126,45,1,46,48,73,34,493,140,48,56,48,20,92,94,9,61,265,201,236,178,56,173,124,136,306
B,A,A,A,S,Y,133,95,142,114,122,103,52,97,15,76,101,55,112,139,58,72,34,32,32,37,112,111,41,15,24,94
B,J,A,A,R,Z,93,282,257,258,266,273,237,200,197,451,164,69,17,83,345,209,242,226,215,143,157,170,191,138,129,147
A,D,A,A,F,A,22,73,133,207,303,206,199,153,224,201,452,310,256,391,160,174,147,141,192,306,242,387,166,196,200,93
A,I,B,B,Z,B,44,87,85,34,20,13,55,51,11,50,92,47,24,39,17,72,80,44,69,36,53,98,55,74,123,95
B,O,K,B,T,C,55,73,99,60,64,64,77,95,25,58,69,3,44,20,6,79,58,15,68,23,12,85,75,46,75,22
A,I,B,B,S,Q,72,222,344,988,372,394,886,563,480,641,337,631,331,455,391,438,677,918,365,285,245,469,482,208,363,299
B,Y,G,C,C,D,79,201,512,231,159,170,276,253,321,297,161,433,255,351,171,229,296,200,264,175,226,222,237,314,314,286
C,K,H,D,E,E,113,56,76,41,87,77,104,53,85,75,99,36,18,74,59,15,88,35,83,30,33,15,95,96,23,67
B,H,A,A,M,F,156,227,217,201,191,224,267,188,182,239,237,202,217,218,244,220,235,158,185,184,119,192,171,164,180,166
F,X,K,B,R,G,43,84,126,120,53,119,176,195,213,147,77,120,134,45,125,89,105,66,105,91,166,71,71,221,146,232
B,B,B,B,H,H,70,59,8,66,45,25,97,12,23,42,49,57,24,91,17,80,7,17,82,24,43,67,64,40,102,88
B,E,E,C,P,I,94,2,348,575,775,1601,521,285,214,267,162,116,142,181,168,136,203,156,125,82,101,154,170,121,71,116
B,J,A,A,G,O,61,82,3,97,23,5,42,77,37,51,62,43,86,5,53,26,22,45,14,13,91,68,68,109,55,45
B,T,C,C,C,J,70,32,80,20,84,47,96,106,37,96,72,82,63,86,44,54,69,69,45,19,39,55,33,91,108,69
A,S,G,C,A,K,240,597,650,987,540,1763,605,1019,792,1867,314,846,2378,756,723,869,1130,923,1967,1044,1077,3457,1967,1993,1218,1673
B,B,B,B,L,L,60,4,23,44,54,89,56,87,108,52,4,48,14,124,90,63,7,65,35,81,48,82,50,94,1,101
A,S,G,C,N,M,55,32,91,118,56,57,40,35,61,25,112,61,21,25,69,70,94,56,71,79,39,104,46,136,105,127
C,F,E,C,J,N,95,93,74,96,22,10,83,70,38,16,19,43,17,52,72,181,903,825,343,273,1120,556,220,1730,122,367
G,V,K,B,H,O,144,3,28,49,63,61,51,85,49,77,60,55,91,6,43,58,42,48,33,20,73,70,46,33,62,27
A,A,A,A,U,P,141,3643,3093,3916,4014,3888,5568,3775,4234,5104,5378,3769,4740,5459,2565,3266,4110,2696,4239,1932,3779,27,1595,2814,1987,2224
A,R,M,C,H,D,101,361,232,343,180,85,246,200,127,199,136,188,124,159,164,289,113,172,137,140,126,208,271,111,119,155
A,A,A,A,J,T,50,792,533,1229,1658,635,696,651,612,1279,764,1564,680,397,1354,630,1501,484,595,559,666,2502,517,281,414,594
B,G,F,C,A,Q,107,308,442,414,68,14,77,189,224,187,257,196,287,199,154,112,174,227,189,112,121,182,150,128,93,160
D,C,C,C,D,R,83,121,47,101,63,129,85,33,90,122,112,112,82,123,107,93,119,96,133,45,137,66,72,67,120,107
B,L,U,A,D,S,108,30,45,56,48,97,19,66,60,90,15,29,94,77,97,101,37,65,54,61,59,61,44,40,13,59
C,F,E,C,G,T,69,73,96,28,81,56,37,25,83,30,8,49,28,29,78,12,25,7,101,101,54,44,107,122,81,76
B,V,K,B,M,U,118,8124,2133,92,2777,8198,4255,2466,3240,4238,4661,3459,3245,5572,4676,6875,6900,5465,5374,2481,2298,3101,2707,2782,4901,2762
B,B,B,B,Q,X,164,79,92,77,2,80,21,69,18,94,35,38,32,89,268,1510,731,1172,1198,349,626,1281,1635,25,25,1731
A,R,M,C,J,V,54,119,120,153,253,77,142,146,109,308,167,156,114,114,139,247,102,187,235,96,105,179,131,221,23,86
B,G,F,C,U,W,44,128,91,147,157,31,72,98,31,71,31,104,104,44,85,104,92,110,87,26,77,1,6,24,26,52
E,G,R,C,C,X,98,11,1,28,1,4,93,65,1,35,81,6,7,94,38,34,39,99,13,95,52,67,32,60,87,65
B,B,B,B,F,Y,169,77,77,175,100,80,212,111,120,54,74,139,76,38,59,213,22,3,52,149,208,110,62,85,109,72
C,K,H,D,D,Z,108,29,9,85,50,55,44,45,5,108,33,86,17,14,94,65,85,32,32,35,20,26,30,102,57,70
B,A,A,A,D,A,112,11,5,85,47,100,80,69,17,60,69,7,48,69,52,50,68,20,81,43,5,55,7,76,37,28
A,S,G,C,D,B,59,21,95,88,92,23,84,90,62,36,55,47,19,46,14,101,72,23,11,86,41,17,62,108,42,20
B,T,C,C,Y,C,54,16,57,46,10,46,20,47,35,54,25,91,12,85,76,35,42,6,59,62,73,20,50,99,12,35
B,C,C,C,G,W,74,458,381,543,352,409,429,478,467,371,530,459,343,484,328,460,509,445,444,402,424,436,424,498,1037,1188
B,H,A,A,K,V,77,226,183,262,214,207,220,207,250,215,321,264,255,339,272,303,231,284,295,193,212,289,241,258,219,317
D,T,C,C,K,D,36,94,63,66,43,34,51,63,47,43,80,30,52,107,88,37,79,96,84,53,92,76,36,127,45,88
B,G,F,C,D,E,177,14,25,71,76,15,30,15,21,14,87,35,66,65,34,64,58,87,67,31,13,65,41,3,21,21
A,F,Q,C,C,F,91,67,60,10,53,73,27,49,34,105,104,100,90,6,74,78,84,73,45,89,91,85,32,37,65,21
B,H,G,C,B,G,241,79,47,201,16075,12095,12913,19875,1048,2336,108,4,57,75,10597,80,55,4910,62,56,73,4668,5661,7641,79,36
C,D,A,A,A,F,50,99,92,18,78,24,31,19,86,100,33,44,85,74,41,7,74,98,43,38,106,92,96,46,74,28
A,D,A,A,E,H,113,40,50,89,66,89,43,11,96,76,3,52,49,18,82,59,74,16,113,82,100,67,37,116,84,58
B,M,V,B,Y,I,131,91,64,72,97,30,99,1,87,4,72,51,22,37,11,67,66,33,90,43,29,51,61,144,88,79
B,B,B,B,Z,J,116,6,85,16,38,57,6,80,33,71,65,45,31,22,82,96,18,93,63,51,77,72,7,91,50,23
E,G,R,C,J,P,111,19,556,530,606,507,848,636,536,174,336,730,306,371,185,408,415,178,372,100,375,259,479,141,89,172
A,R,M,C,E,K,92,88,144,289,261,275,435,254,197,273,199,128,205,201,141,204,222,297,207,186,234,177,81,151,104,112
B,B,B,B,E,L,86,73,31,94,77,73,77,79,47,23,78,31,36,83,54,81,42,10,1,71,76,90,84,47,24,90
A,A,A,A,E,M,66,48,58,28,45,82,37,87,13,2,26,54,35,120,88,55,62,86,113,75,13,83,44,82,82,46
B,N,A,A,Z,N,111,316,173,269,285,183,205,300,245,690,259,248,869,160,183,849,498,358,557,422,537,209,226,706,186,262
B,G,F,C,L,O,56,611,405,331,283,256,273,285,392,437,400,343,286,465,218,223,265,387,196,173,304,174,257,245,285,241
B,V,K,B,G,P,22,4,87,36,53,17,26,79,54,17,57,68,2,36,55,31,49,56,6,69,14,63,90,60,61,65
A,S,G,C,V,B,194,267,220,412,235,252,368,230,321,313,301,422,394,323,207,478,371,480,254,246,236,328,412,298,509,266
B,G,F,C,H,Q,60,82,40,72,74,7,13,67,43,20,46,21,83,32,47,91,75,74,11,19,27,37,27,35,75,118
C,F,E,C,F,R,80,167,174,338,177,150,155,62,121,116,162,208,210,179,89,161,153,204,330,147,136,58,138,155,78,155
A,B,B,B,W,S,86,87,14,95,94,72,45,7,19,61,66,45,82,16,42,24,84,84,25,60,67,81,16,22,25,73
A,S,G,C,J,T,52,43,178,180,91,266,117,167,118,163,130,137,281,213,99,251,116,213,200,179,195,143,127,201,105,91
C,K,H,D,P,Z,31,4,41,89,111,56,60,20,8,67,49,49,47,92,94,69,115,83,127,109,78,87,33,115,93,64
A,R,M,C,D,U,83,319,355,317,468,552,402,312,397,496,367,585,370,504,360,618,292,605,493,416,378,365,564,346,404,383
B,W,H,D,G,V,112,59,81,52,96,74,44,51,96,29,30,1,76,82,77,1,74,27,34,42,86,86,38,99,117,91
A,R,M,C,D,W,52,110,111,24,94,31,107,32,59,21,29,60,64,91,26,75,58,97,41,41,31,59,73,75,72,106
B,M,I,C,W,X,85,2,49,74,83,67,37,31,66,89,10,76,50,6,20,68,39,46,59,35,57,11,42,77,60,32
C,K,H,D,O,Y,47,58,89,74,31,66,14,76,86,46,36,80,23,47,76,82,67,58,75,60,67,104,29,27,86,26
A,A,A,A,A,T,25,283,360,579,776,521,503,605,617,1016,1038,1415,835,622,607,505,407,1728,1350,777,681,1052,759,414,990,475
B,J,A,A,S,Z,96,83,111,168,148,147,154,116,65,120,84,33,89,69,180,72,117,18,114,92,99,94,54,74,108,115
A,S,G,C,H,K,239,85,80,77,95,86,22,84,67,84,36,62,13,33,29,74,50,79,33,12,58,98,84,74,35,168
B,T,C,C,H,A,52,5,25,50,35,13,61,88,40,40,80,97,34,88,13,9,10,22,11,27,47,26,76,92,12,82
B,M,I,C,V,B,107,70,91,92,18,81,39,91,86,91,84,40,79,71,19,99,4,73,9,35,8,38,33,37,50,14
B,O,K,B,F,C,125,8,65,1,58,39,74,51,47,67,29,32,93,69,66,20,91,76,89,61,60,53,83,21,32,64
C,O,W,D,E,D,192,14,52,106,7,94,91,7,35,124,99,39,38,99,28,73,78,58,75,50,40,27,89,93,73,46
A,S,G,C,G,E,91,27,88,12,99,7,91,18,5,35,31,53,93,85,12,88,95,92,16,36,84,95,107,46,56,23
B,J,A,A,E,N,60,176,90,100,168,143,123,101,53,15,58,88,54,22,257,148,150,131,110,56,75,129,56,64,116,68
B,Z,N,D,B,F,152,73,58,55,21,92,2640,2026,1729,3168,3039,3137,2850,4841,4375,5904,4830,5879,2925,5070,209,3546,2028,83,2299,2916
B,G,F,C,A,G,77,83,58,3,86,53,5,1,94,63,36,34,73,98,72,58,80,18,7,51,18,32,73,99,15,71
A,D,A,A,C,E,102,5,95,52,37,26,54,78,70,65,54,23,67,50,43,49,41,91,67,56,85,78,42,48,25,24
B,I,S,D,C,H,120,1035,2080,1716,1273,678,1775,664,840,663,1286,898,1654,1338,454,835,607,406,1239,980,327,847,949,1887,1231,1281
D,Q,K,B,K,I,185,1025,646,703,699,500,514,610,516,1179,985,89,2862,2667,3,2008,2604,1521,539,713,911,1962,9,1216,1295,1590
B,B,B,B,D,J,143,91,76,77,31,60,61,89,37,39,71,44,91,121,93,64,56,70,82,74,86,74,37,104,121,15
B,A,A,A,C,K,132,343,465,841,1342,503,334,956,163,730,756,513,343,904,527,645,472,463,436,494,418,713,454,503,730,1005
B,B,O,D,K,L,86,704,76,95,176,172,466,497,454,25,13,1199,98,1279,90,915,458,23,88,729,519,606,654,700,502,512
B,W,H,D,V,M,39,20,3,60,10,37,55,10,99,46,64,27,86,96,39,52,32,74,24,79,47,8,5,96,84,87
B,C,C,C,G,B,94,178,98,214,259,164,290,159,103,108,172,212,158,192,81,123,168,107,90,141,125,142,98,146,169,224
A,F,Q,C,C,N,101,143,55,9,100,52,142,74,176,185,66,149,116,104,142,213,31,34,10,10,155,75,62,189,319,170
B,E,E,C,C,O,84,307,163,258,223,137,155,237,472,710,307,291,515,482,231,352,601,432,436,227,462,332,308,376,394,316
B,X,K,B,Z,P,96,97,65,39,98,90,62,110,11,61,247,82,155,266,91,102,154,171,92,55,169,43,56,161,120,37
C,F,E,C,F,Q,55,91,21,58,81,115,107,104,120,134,128,256,109,69,49,86,112,128,77,94,131,147,49,100,118,107
C,K,H,D,T,R,67,63,35,82,65,40,81,29,72,50,1,7,65,84,28,64,74,77,90,100,43,59,97,41,65,90
B,J,A,A,Q,S,123,22,89,87,63,8,30,95,72,65,45,75,58,47,109,134,107,280,103,86,84,209,85,403,242,371
B,B,O,D,F,T,126,6008,3218,3608,3622,6847,5318,4625,3973,3945,4918,5517,3354,3232,2561,3855,3445,3700,3405,3445,3823,4356,5360,3750,4090,1968
B,G,F,C,G,U,85,19,4,49,3,22,87,69,64,65,85,26,18,22,40,42,82,27,19,18,59,88,79,44,43,103
B,B,B,B,E,L,136,96,25,78,86,90,45,43,12,84,14,73,21,27,86,85,97,69,54,76,26,51,27,86,41,34
B,B,B,B,G,V,97,97,27,71,16,54,84,58,79,95,95,70,37,54,40,72,3,81,33,43,57,52,17,16,86,79
B,A,A,A,C,W,60,84,84,56,9,66,23,61,1,36,84,72,31,98,86,16,56,71,7,36,43,48,64,74,78,83
B,M,I,C,D,X,98,89,93,34,62,64,49,52,73,62,26,87,16,85,32,85,21,36,26,110,105,61,25,63,89,49
C,F,E,C,Q,X,47,21,19,26,5,21,13,20,23,33,76,78,92,61,76,79,112,29,58,18,27,87,35,23,12,97
B,T,C,C,I,Y,115,125,139,243,118,227,206,168,130,191,230,112,115,179,25,130,142,108,206,207,80,125,154,105,132,31
B,G,F,C,L,Z,56,45,20,25,87,26,50,29,80,80,66,14,2,61,85,71,17,4,38,99,81,20,18,67,41,60
B,V,K,B,E,A,120,61,62,25,133,16,83,69,60,85,16,10,37,125,122,175,144,42,82,49,70,32,57,111,86,36
B,B,O,D,Q,B,115,47,94,1,18,20,37,9,62,71,49,26,76,125,271,229,189,90,95,152,151,219,319,360,326,333
B,W,H,D,D,C,77,3,27,39,85,22,53,8,87,31,79,96,86,62,91,78,49,21,33,17,31,34,94,24,46,45
A,S,G,C,H,D,213,46,262,162,253,179,140,66,71,170,117,58,102,102,99,133,56,137,68,163,118,215,150,74,173,22
B,M,I,C,G,P,329,1,27,33,22,64,97,58,82,62,16,36,33,7,56,90,33,77,45,66,41,49,11,24,86,89
B,E,D,B,Q,E,220,69,4,22,35,12,36,55,55,53,49,49,36,24,76,39,120,88,43,128,103,63,97,95,66,107
C,K,H,D,H,K,118,6,18,26,64,54,119,14,43,98,40,43,97,88,31,38,71,13,43,44,21,79,17,25,9,38
B,G,F,C,S,U,85,350,341,349,447,420,454,227,159,324,187,64,92,225,548,267,274,304,183,212,146,62,117,108,136,176
A,S,G,C,H,K,79,55,44,23,82,40,70,33,96,2,37,1,61,12,17,79,40,9,38,48,22,8,87,84,96,117
B,A,A,A,A,F,96,29,9,72,80,72,58,82,13,46,38,96,50,265,128,1023,100,75,81,90,91,63,1266,59,13,65
B,P,L,A,S,W,114,84,35,55,91,17,56,76,13,104,101,32,141,54,34,86,39,13,93,69,113,32,137,24,117,71
B,P,L,A,A,G,102,66,23,93,31,36,77,73,74,45,86,129,252,583,8,564,655,1410,1368,1482,1589,1394,1409,634,436,31
B,E,E,C,K,H,130,97,99,38,95,32,55,43,56,63,94,45,63,72,74,49,88,17,119,75,126,88,146,108,35,288
A,R,M,C,K,I,91,77,42,50,34,96,30,98,39,4,53,67,6,87,128,136,122,144,227,224,266,95,81,218,321,154
B,B,B,B,F,J,158,99,26,141,141,37,64,79,49,40,104,93,68,51,48,94,99,47,29,22,47,66,247,7,38,36
B,T,C,C,X,J,59,231,114,149,199,135,181,131,142,207,169,177,148,124,188,196,131,180,215,140,145,170,238,107,168,208
B,J,A,A,M,F,78,64,56,77,72,58,104,92,84,110,78,89,61,77,55,85,51,34,64,30,69,109,64,84,76,98
A,S,G,C,C,K,62,50,115,92,26,48,125,78,88,91,27,122,103,170,24,20,7,18,85,123,123,83,26,66,110,78
A,I,B,B,D,Y,41,25,96,38,37,15,81,14,31,111,90,38,49,37,27,141,48,100,152,59,133,95,205,56,120,93
A,F,Q,C,V,L,60,71,51,26,30,61,118,23,38,60,85,80,86,58,5,95,15,72,90,78,99,63,51,120,104,34
B,G,F,C,J,M,118,75,28,93,87,90,16,30,74,10,18,21,9,87,84,24,23,102,40,18,105,32,70,91,80,83
A,I,B,B,H,N,94,581,458,618,419,419,542,290,311,338,342,759,421,321,1002,55,22,69,6,377,380,676,910,137,16,15
B,N,A,A,G,O,67,1039,780,938,848,650,651,562,739,649,834,661,599,718,601,734,693,1333,184,594,599,580,683,678,534,612
C,K,H,D,J,P,66,95,34,143,107,84,52,32,116,148,-38,97,67,50,99,112,64,63,77,81,35,100,37,114,2,98
C,K,H,D,Z,Q,103,17,84,5,22,50,12,13,24,36,94,51,55,25,69,65,6,57,34,58,34,96,105,88,65,10
B,B,B,B,G,R,87,104,115,63,108,114,70,72,61,87,135,130,43,121,75,50,41,33,41,78,117,114,73,60,107,14
C,D,A,A,D,S,67,70,48,85,69,81,64,35,29,87,99,65,16,27,23,95,38,70,49,105,67,69,106,34,65,39
B,B,B,B,H,T,192,33,19,30,13,71,3,72,23,1,13,68,96,76,59,61,9,26,30,49,63,78,26,17,157,112
A,D,A,A,R,U,68,121,100,92,137,91,409,38,173,136,165,109,78,119,101,150,41,161,133,84,148,80,105,158,145,153
C,F,E,C,E,V,103,115,51,152,83,46,112,67,101,94,38,72,99,78,62,76,152,107,50,81,52,57,57,109,134,20
A,R,M,C,D,O,65,180,250,220,455,335,353,343,280,454,320,379,266,434,294,356,214,503,238,218,344,230,450,211,331,184
C,K,H,D,C,W,118,153,85,151,137,56,110,136,119,111,91,203,91,152,101,112,94,145,67,116,110,107,154,149,147,145
A,K,H,D,M,X,81,15,38,31,32,63,81,67,44,41,64,72,58,12,23,60,73,40,78,86,34,3,7,2,96,12
B,X,K,B,U,Y,87,24,91,43,29,93,206,35,202,145,139,84,989,123,135,169,176,531,122,488,199,14,115,227,202,350
A,D,A,A,O,Z,93,127,208,91,85,206,135,100,209,120,180,85,205,88,95,68,107,40,144,145,33,205,78,65,111,77
D,Q,K,B,A,Z,290,13,74,89,40,279,203,183,159,334,254,229,142,209,176,191,60,246,27,442,252,434,132,390,15,232
A,S,G,C,W,R,183,70,63,45,70,30,7,66,40,62,32,66,80,27,53,94,65,76,23,86,67,7,65,45,54,61
B,P,L,A,V,A,83,69,88,49,71,62,18,62,13,13,91,61,69,62,44,39,30,107,89,73,32,100,50,41,28,51
B,B,B,B,H,B,77,247,106,243,281,526,136,109,147,204,586,215,149,246,169,251,248,504,450,671,146,148,715,759,931,1080
B,P,L,A,B,C,28,6016,5972,13946,7940,5132,6110,4544,6954,7562,6404,63,11068,168,112,38,11673,364,6077,4667,3625,6304,3005,2175,3886,4791
B,E,E,C,T,D,47,48,57,10,81,43,30,59,3,90,87,17,73,71,5,27,41,99,63,203,77,155,113,172,124,246
A,R,M,C,S,E,98,161,107,95,202,122,103,98,136,153,118,161,107,113,84,129,172,192,159,88,158,94,227,80,142,140
A,S,G,C,K,U,32,87,119,55,72,113,92,60,127,78,136,83,78,142,128,159,119,80,40,116,110,67,80,94,111,64
A,K,H,D,K,F,73,132,78,150,94,88,86,54,29,67,126,44,49,120,53,99,71,125,104,93,42,49,13,35,72,109
B,P,L,A,Q,V,128,84,19,26,23,9,27,31,85,35,26,50,48,94,481,871,1189,1068,1511,268,358,1082,325,1069,1741,855
B,H,G,C,W,G,204,74,18,40,42,98,56,92,21,79,63,63,21,50,37,75,91,12,19,15,8,60,3,59,56,59
C,K,H,D,T,G,98,56,73,52,42,1,2,18,22,13,47,56,36,38,26,79,59,98,23,34,33,64,70,48,49,45
B,J,A,A,B,Z,48,388,278,570,544,510,447,398,395,401,460,264,52,34,633,719,348,878,451,501,362,326,243,313,327,355
B,M,V,B,D,H,127,54,13,50,80,36,89,17,58,91,16,75,59,76,49,76,34,44,53,62,57,24,8,48,69,35
C,F,E,C,D,V,136,82,176,211,62,105,190,170,79,284,106,103,114,148,71,337,65,277,80,96,131,137,132,103,89,139
B,P,L,A,I,I,62,1358,658,1162,798,932,555,423,942,695,406,551,114,18,27,50,569,426,401,273,493,323,423,343,251,426
B,J,A,A,D,J,62,195,116,134,168,122,204,122,90,1,69,5,55,91,161,410,182,155,139,173,126,111,130,151,143,92
B,W,H,D,M,K,92,2,93,106,21,47,81,31,108,30,42,97,23,85,16,98,28,108,61,14,91,66,60,28,28,55
A,S,G,C,C,K,183,966,1779,1838,801,1033,653,1937,1331,1343,2201,1102,2953,1203,769,2031,1852,5133,2085,809,2392,3463,3587,2803,1773,1327
A,D,A,A,G,T,101,54,54,22,18,98,177,167,305,170,259,263,320,292,213,507,214,216,340,202,195,325,186,200,112,249
B,P,X,D,G,L,55,37,55,21,33,57,84,90,73,93,29,84,47,95,70,66,75,42,84,95,33,50,65,5,50,21
C,K,H,D,R,M,121,92,135,158,134,141,105,92,22,81,55,66,46,60,92,103,31,69,58,53,87,112,82,45,105,116
B,A,A,A,F,N,99,76,90,86,73,84,33,71,41,94,68,88,15,50,60,25,39,78,41,55,98,79,28,49,17,30
B,C,A,A,E,O,81,196,87,118,108,113,142,122,198,168,161,115,105,85,75,83,74,134,92,66,88,129,107,115,134,86
B,I,S,D,E,A,160,67,29,68,20,23,73,50,84,55,97,20,94,37,67,82,62,85,58,98,77,60,61,4,47,85
B,H,A,A,W,P,77,46,48,1,15,37,71,24,60,14,46,48,54,13,91,2,16,42,24,68,63,68,93,88,17,55
B,P,L,A,S,Q,139,4376,2957,1660,1379,2608,2115,1412,1255,3005,3362,1622,2414,4281,2023,3343,2297,3380,2485,2505,3524,3514,2716,3941,3689,2135
A,I,B,B,J,R,80,91,116,181,190,76,33,73,94,94,33,59,33,68,76,21,26,163,145,125,179,53,128,132,22,104
A,I,B,B,R,S,30,184,68,41,196,275,118,28,59,190,20,67,134,125,83,135,104,210,161,175,544,507,354,9,734,269
A,R,M,C,B,U,80,538,556,634,660,875,399,836,446,595,687,628,866,473,405,828,1285,621,784,407,457,785,451,793,597,448
B,M,V,B,M,T,187,104,128,104,215,206,195,147,103,167,194,173,148,99,58,144,121,99,124,147,91,163,137,68,112,93
A,T,C,C,U,U,112,156,102,114,75,96,116,59,121,122,73,104,131,155,180,91,77,123,116,91,122,18,49,60,75,40
A,S,G,C,Z,V,138,342,247,272,120,228,105,277,201,234,223,204,295,342,245,208,199,364,395,232,490,385,302,636,487,391
B,B,B,B,S,T,209,73,80,59,49,91,44,94,56,52,155,117,96,48,51,91,101,66,47,34,80,21,66,114,176,59
A,D,A,A,B,W,113,71,184,283,117,40,393,92,236,83,286,29,36,90,61,334,59,103,119,132,93,319,84,97,55,121
B,J,A,A,P,F,54,16,101,23,42,32,74,36,128,111,75,76,126,151,-3,85,47,136,89,227,86,105,48,76,91,182
A,R,M,C,B,O,111,479,387,508,509,848,554,797,437,543,721,575,604,532,397,480,748,503,560,425,433,559,359,649,433,516
B,E,E,C,W,X,69,92,87,49,85,35,58,92,98,99,39,10,72,63,28,98,67,72,91,48,66,88,70,87,56,84
B,M,I,C,S,Y,196,19,54,35,65,70,70,74,2,49,56,78,14,68,45,15,52,25,63,80,34,54,10,32,69,22
A,O,W,D,G,Z,220,41,95,6,21,71,49,57,31,8,21,20,4,68,80,56,83,83,36,76,82,13,82,74,55,32
B,B,B,B,D,J,127,62,29,106,79,196,63,92,59,71,83,79,69,80,108,133,91,118,97,54,42,72,141,132,58,95
D,Q,K,B,N,A,103,57,83,33,7,49,85,94,40,20,40,2,88,96,75,19,43,89,60,67,16,49,5,47,30,316
B,B,B,B,P,U,103,47,47,67,78,89,90,26,92,109,87,57,66,86,55,65,52,98,58,52,99,6,5,57,3,117
E,G,R,C,A,U,71,157,133,111,268,64,223,229,253,145,97,256,146,141,83,271,119,121,162,214,96,104,149,69,141,143
C,F,E,C,H,G,66,28,11,82,90,19,21,76,31,51,12,28,25,90,24,36,12,38,42,71,30,13,75,105,69,63
C,F,E,C,B,B,46,98,70,27,2,92,38,49,34,4,103,11,64,42,18,73,103,63,62,115,19,85,62,70,56,63
B,B,B,B,S,J,102,40,67,74,95,36,133,114,79,108,63,102,34,58,64,2,25,63,58,59,45,26,94,44,80,48
B,J,A,A,A,C,113,183,88,268,242,194,220,166,122,280,273,211,27,240,287,371,236,256,225,137,273,213,297,199,249,238
A,S,G,C,G,N,20,36,89,99,68,4,4,75,82,63,87,70,65,93,38,16,46,92,85,15,99,49,77,83,51,10
A,R,M,C,F,D,61,260,60,144,154,96,185,132,86,95,141,101,140,147,101,130,132,55,121,123,74,80,107,48,129,156
B,P,L,A,B,E,94,4,10,15,67,5,52,95,97,75,18,69,74,13,7,92,21,7,43,88,89,543,65,17,55,31
A,D,A,A,C,F,94,73,83,62,50,54,76,44,66,125,98,114,113,126,160,120,172,110,120,212,168,280,238,160,193,191
B,H,G,C,A,G,198,10,39,1323,2957,98,860,29,41,1737,65,2220,38,154,20,1240,6,803,215,24,7,45,48,99,86,56
F,X,K,B,G,H,23,16,64,76,94,90,45,94,44,15,97,88,76,17,97,25,80,75,35,91,79,15,9,16,103,87
B,Q,Y,A,N,I,74,308,191,155,275,213,222,228,226,311,264,255,154,203,271,235,267,245,247,233,297,271,231,219,334,321
C,F,E,C,H,R,147,160,92,238,179,156,201,70,65,149,135,179,101,165,118,49,68,92,147,93,57,85,87,94,77,95
E,G,R,C,K,J,62,26,80,112,115,61,70,107,92,131,60,39,16,86,10,11,78,42,86,12,32,21,32,9,61,91
A,R,M,C,U,K,40,305,278,299,308,205,222,186,194,211,220,168,86,124,74,135,186,169,205,275,151,94,103,21,78,137
B,Y,G,C,B,N,140,222,174,220,94,262,218,332,111,89,194,166,633,25,184,210,144,67,220,230,144,38,135,223,278,101
A,D,A,A,I,T,140,82,27,22,26,94,1350,797,690,1368,915,1265,1028,971,3056,423,707,636,839,636,463,1321,2165,749,723,942
B,G,F,C,W,Z,42,5,57,29,8,2,55,26,99,56,50,31,5,83,63,77,28,81,95,73,73,36,79,53,90,47
A,S,G,C,H,L,102,26,55,28,68,112,72,93,52,63,46,14,34,70,59,56,79,147,62,39,21,82,55,99,67,98
A,I,B,B,D,M,103,132,88,82,111,132,72,86,92,82,51,104,100,70,110,77,72,143,64,166,118,148,68,60,144,21
B,A,A,A,N,S,70,37,72,51,36,76,78,43,80,102,58,42,41,60,44,93,37,14,41,8,86,64,70,13,103,16
A,R,M,C,T,D,31,91,52,19,78,24,76,7,9,53,32,48,78,88,43,11,21,23,104,275,162,108,273,68,250,293
C,F,E,C,B,N,36,27,83,67,39,73,52,79,65,111,84,43,55,13,23,65,45,93,69,5,19,56,5,51,106,58
C,K,H,D,W,O,73,66,90,58,47,64,23,46,85,78,39,18,58,83,20,64,94,97,61,19,56,68,57,98,22,91
B,J,A,A,L,F,71,284,207,208,259,239,228,383,393,143,168,196,206,540,171,150,164,388,370,265,307,261,307,346,204,390
A,S,G,C,H,R,155,83,92,209,168,116,91,83,63,160,131,152,167,35,66,191,98,308,211,140,285,455,211,216,309,62
A,S,G,C,P,K,107,104,25,64,85,131,62,59,50,393,122,186,115,131,123,172,219,183,101,127,148,39,154,63,168,78
B,G,F,C,H,P,48,53,63,72,44,44,73,69,98,27,8,72,43,97,68,56,82,59,64,26,66,2,69,79,60,46
D,B,B,B,G,Q,228,641,383,513,440,740,305,205,253,318,612,85,257,525,526,536,538,403,440,261,467,191,421,77,380,530
B,V,K,B,J,R,131,603,4679,12556,11950,-10,64,3836,110,6295,2179,1855,3912,1988,2483,6557,8142,10050,4581,1771,1196,911,1055,887,2761,8671
A,K,H,D,C,S,25,246,205,286,152,214,206,178,294,198,282,222,199,258,292,403,221,156,347,289,310,218,226,269,326,367
A,A,A,A,D,T,98,34,25,3,11,72,37,86,80,67,76,25,56,17,64,53,87,101,51,16,12,21,23,58,89,103
B,B,B,B,E,U,58,115,73,91,109,112,156,162,125,84,98,98,108,98,78,57,152,138,167,125,145,79,86,134,157,157
B,X,K,B,E,V,29,52,174,36,99,23,75,42,29,56,60,103,41,50,64,68,16,115,28,76,53,22,52,72,23,78
A,R,M,C,M,W,91,67,149,30,163,147,69,74,61,5,29,88,99,98,113,48,107,138,121,66,57,107,116,47,87,141
C,K,H,D,R,X,11,62,81,64,102,77,70,83,92,16,31,35,91,17,21,36,78,68,79,82,78,92,65,54,16,88
B,L,U,A,D,Y,175,85,71,5,32,28,100,66,41,20,18,38,25,80,76,19,74,76,47,102,59,24,26,87,92,77
B,X,K,B,F,J,38,80,19,9,34,70,34,65,5,94,41,30,48,103,78,14,9,51,49,18,80,45,42,81,43,62
A,S,G,C,Q,Z,37,11,98,24,47,41,18,4,56,40,4,51,48,70,93,10,113,218,121,95,115,112,35,48,89,152
B,G,F,C,M,Z,96,85,29,87,64,63,92,51,79,54,95,89,68,83,23,22,87,67,71,11,17,61,39,85,97,52
E,G,R,C,H,P,103,275,321,468,316,453,337,426,224,127,215,274,454,279,167,404,250,597,125,260,283,393,172,315,330,241
A,A,A,A,N,E,55,209,147,188,295,220,191,195,231,212,231,150,104,249,175,236,203,220,234,207,211,199,197,117,240,189
A,D,A,A,A,H,152,29,74,2,7,19,41,21,60,60,21,55,60,58,16,70,30,94,485,143,349,317,222,142,85,180
B,G,F,C,E,J,114,36,30,81,1,93,75,19,18,34,81,74,75,70,45,2,99,74,81,94,92,25,57,36,82,15
B,J,A,A,B,A,69,828,590,1119,741,819,1028,586,1064,951,1032,790,789,828,1119,970,766,676,577,554,613,681,742,633,575,525
B,X,K,B,M,J,98,84,72,22,19,50,42,44,7,92,44,93,9,82,84,100,93,45,57,28,95,113,105,87,88,42
B,C,C,C,D,L,72,63,108,37,75,47,29,30,109,65,119,95,86,87,27,77,106,78,80,75,118,116,41,89,114,72
B,A,A,A,G,B,121,62,22,97,30,71,11,18,66,92,27,99,10,65,41,24,37,17,55,98,87,87,32,31,104,46
C,K,H,D,F,C,103,80,12,30,20,13,63,13,25,2,19,16,43,1,89,17,28,92,65,90,21,18,51,11,63,40
B,P,L,A,M,E,126,87,64,28,43,24,87,43,60,35,35,91,68,87,53,6,28,25,82,66,94,147,229,62,84,90
B,M,I,C,E,N,31,27,25,82,43,91,135,80,95,85,77,164,120,60,90,128,86,57,145,75,72,106,78,61,61,120
C,K,H,D,I,D,74,27,52,83,28,41,15,84,114,22,8,79,38,63,59,8,32,19,95,22,19,94,67,22,41,98
B,J,A,A,J,N,92,89,90,264,200,165,269,173,99,72,83,2,85,65,1,110,268,228,50,132,109,115,83,33,111,41
B,Y,G,C,H,E,237,143,335,64,112,102,82,46,63,95,142,56,112,41,78,169,15,53,175,129,74,59,156,31,63,56
B,T,C,C,C,A,103,39,54,112,93,44,42,97,93,83,81,30,30,67,86,50,78,101,79,16,72,44,26,51,14,37
B,H,G,C,Z,K,80,91,38,545,2034,242,208,166,157,190,215,100,117,275,485,1111,288,551,83,156,382,169,70,79,143,111
B,Y,G,C,K,F,227,99,66,10,99,11,13,82,125,112,57,134,69,48,29,106,92,93,99,90,103,121,147,111,27,160
B,A,A,A,G,G,32,10,67,37,95,35,27,59,19,97,50,15,11,21,71,74,34,58,32,93,96,24,18,18,80,85
A,R,M,C,A,M,38,454,314,478,736,255,589,376,203,588,149,808,149,236,262,317,264,493,265,306,180,162,209,224,211,271
B,X,K,B,Q,P,67,53,16,64,80,2,61,29,27,1,62,21,28,68,89,29,30,46,18,36,48,25,97,21,68,125
A,S,G,C,L,B,176,98,58,140,139,177,14,107,103,36,202,113,244,115,98,106,121,134,165,154,105,152,24,88,123,106
B,B,O,D,U,H,159,1200,1064,877,1173,976,1856,834,1336,1178,1306,1587,1768,2916,1478,1101,794,749,1011,836,1205,84,233,889,871,633
A,S,G,C,H,I,125,141,170,161,241,296,170,131,120,230,80,242,137,158,202,207,352,370,157,199,257,283,352,220,517,290
A,F,Q,C,K,L,73,53,61,4,39,95,29,33,83,173,218,342,46,475,242,297,83,72,46,330,210,266,100,800,459,1072
B,P,L,A,W,J,197,61,55,34,54,25,45,76,42,13,54,35,92,77,38,62,27,42,93,94,63,94,11,30,98,10
C,F,E,C,B,N,104,3,38,85,77,59,13,59,49,25,77,15,99,75,10,63,124,73,16,37,75,23,13,62,19,105
B,P,L,A,K,K,193,1662,598,421,354,442,417,338,85,85,429,95,42,337,209,298,197,87,356,406,292,322,265,411,381,353
B,J,A,A,E,L,9,63,14,98,72,24,24,74,54,46,22,57,13,92,83,59,37,80,79,71,39,108,30,114,87,109
A,R,M,C,G,F,101,613,493,541,319,649,345,446,326,318,374,365,507,486,283,398,562,430,587,349,397,440,433,518,223,301
B,R,Z,B,H,M,106,50,78,24,38,77,43,89,5,83,97,52,99,41,30,37,76,25,15,7,1,51,57,44,17,55
A,D,A,A,I,N,127,1369,969,1273,1251,1516,1422,1543,1721,1418,1232,1279,1263,1755,1790,1527,832,1163,774,960,1267,3210,1436,2663,1870,2155
A,B,B,B,U,O,94,51,65,50,60,8,64,3,25,39,43,36,85,70,98,97,81,91,62,14,65,49,70,96,84,43
B,J,A,A,O,P,72,1181,824,1514,1442,1233,1467,849,1831,1957,1227,1178,1271,2068,1746,1835,1505,996,1297,833,1587,1601,2538,664,2294,1305
A,T,C,C,M,Q,62,103,138,94,101,146,128,148,128,78,88,56,70,69,57,132,32,111,63,71,142,100,107,89,97,113
B,W,H,D,C,K,66,40,63,51,21,7,48,44,34,90,3,36,16,91,65,66,18,46,90,9,46,24,18,7,59,50
B,E,E,C,I,F,115,408,115,162,93,191,104,220,212,404,177,194,165,358,174,82,113,148,129,123,238,376,228,45,161,108
D,P,L,A,R,R,215,3989,2602,3427,3234,3152,3204,3069,3056,3021,3856,3183,2776,4074,4534,1581,4835,3526,2796,3204,2954,3214,3175,3359,3365,2837
B,B,B,B,W,W,192,63,51,34,77,72,70,17,97,32,62,65,52,18,19,9,16,53,61,64,33,92,34,21,8,53
B,G,F,C,A,S,66,101,100,69,61,67,137,176,129,87,125,156,188,163,282,320,169,384,329,232,172,268,289,301,321,263
B,O,K,B,Z,T,104,72,63,93,94,97,97,57,68,78,55,18,35,31,67,96,99,87,72,3,36,46,99,84,47,57
B,V,K,B,B,H,244,1161,69,830,2133,99,996,773,392,705,553,356,487,801,955,558,640,484,590,231,239,279,292,59,258,361
D,Q,K,B,F,A,183,36,28,11,12,84,7,67,29,3,71,86,24,29,43,69,2,53,21,38,62,93,83,43,83,303
B,J,A,A,G,U,71,85,50,61,24,5,37,46,37,146,92,43,78,87,102,77,60,11,71,26,10,38,81,126,64,72
B,Z,N,D,F,P,1059,4489,4694,4701,4816,5843,7305,5231,4426,7732,5285,6522,6090,9913,5568,7206,8570,6383,7635,1090,48,20746,10334,11917,10732,8190
B,J,A,A,Y,N,20,25,44,50,99,23,1,48,86,41,57,32,5,4,33,74,80,99,16,30,4,77,54,13,76,86
B,T,C,C,N,V,79,98,89,65,61,67,79,96,52,59,76,97,64,67,63,49,10,104,38,84,42,30,47,64,29,12
B,C,C,C,A,B,105,36,61,61,32,58,56,105,54,69,95,94,63,130,128,106,85,75,85,99,103,56,35,28,99,90
A,S,G,C,Y,W,90,15,73,57,58,77,17,51,81,81,95,19,23,38,4,48,1,82,76,89,2,57,63,15,19,31
A,K,H,D,A,X,103,5,73,83,98,25,49,41,91,21,10,27,83,5,79,95,6,88,96,21,4,50,12,99,67,16
B,A,A,A,U,X,114,12032,7421,16940,6873,8924,13183,7165,10000,10626,9309,13862,8829,22181,17178,5513,6824,5801,6604,5352,8582,73,1592,5882,10658,7979
B,M,I,C,H,Y,27,48,13,6,13,68,15,77,66,26,70,27,96,86,53,18,1,33,29,60,27,11,95,40,80,73
A,R,M,C,J,E,109,445,387,357,686,142,385,241,248,316,309,473,127,338,255,217,352,260,182,234,194,214,138,233,100,156
D,Q,K,B,X,Z,132,76,83,54,70,31,14,72,88,52,87,34,45,60,19,39,97,29,18,83,8,62,1,9,67,109
B,A,A,A,G,S,96,2,76,25,47,35,18,22,80,73,70,44,36,29,63,42,64,5,17,103,38,88,97,14,64,25
